dkpro-core-ldweb1t-asl,org.dkpro.core.ldweb1t.LanguageDetectorWeb1T
dkpro-core-nlp4j-asl,org.dkpro.core.nlp4j.Nlp4JLemmatizer
dkpro-core-nlp4j-asl,org.dkpro.core.nlp4j.Nlp4JNamedEntityRecognizer
dkpro-core-nlp4j-asl,org.dkpro.core.nlp4j.Nlp4JDependencyParser
dkpro-core-nlp4j-asl,org.dkpro.core.nlp4j.Nlp4JPosTagger
dkpro-core-morpha-asl,org.dkpro.core.morpha.MorphaLemmatizer
dkpro-core-matetools-gpl,org.dkpro.core.matetools.MateLemmatizer
dkpro-core-matetools-gpl,org.dkpro.core.matetools.MateMorphTagger
dkpro-core-matetools-gpl,org.dkpro.core.matetools.MateParser
dkpro-core-matetools-gpl,org.dkpro.core.matetools.MateSemanticRoleLabeler
dkpro-core-matetools-gpl,org.dkpro.core.matetools.MatePosTagger
dkpro-core-arktools-gpl,org.dkpro.core.arktools.ArktweetPosTagger
dkpro-core-udpipe-asl,org.dkpro.core.udpipe.UDPipeParser
dkpro-core-udpipe-asl,org.dkpro.core.udpipe.UDPipePosTagger
dkpro-core-commonscodec-asl,org.dkpro.core.commonscodec.PhoneticTranscriptor_ImplBase
dkpro-core-maltparser-asl,org.dkpro.core.maltparser.MaltParser
dkpro-core-lingpipe-gpl,org.dkpro.core.lingpipe.LingPipeNamedEntityRecognizer
dkpro-core-lingpipe-gpl,org.dkpro.core.lingpipe.LingPipePosTagger
dkpro-core-sfst-gpl,org.dkpro.core.sfst.SfstAnnotator
dkpro-core-languagetool-asl,org.dkpro.core.languagetool.LanguageToolChecker
dkpro-core-languagetool-asl,org.dkpro.core.languagetool.LanguageToolLemmatizer
dkpro-core-api-segmentation-asl,org.dkpro.core.api.segmentation.SegmenterBase
dkpro-core-ngrams-asl,org.dkpro.core.ngrams.NGramAnnotator
dkpro-core-norvig-asl,org.dkpro.core.norvig.NorvigSpellingCorrector
dkpro-core-testing-asl,org.dkpro.core.testing.DocumentMetaDataStripper
dkpro-core-testing-asl,org.dkpro.core.testing.TagsetDescriptionStripper
dkpro-core-gate-asl,org.dkpro.core.gate.GateLemmatizer
dkpro-core-gate-asl,org.dkpro.core.gate.HepplePosTagger
dkpro-core-io-tgrep-gpl,org.dkpro.core.io.tgrep.TGrepWriter
dkpro-core-api-featurepath-asl,org.dkpro.core.api.featurepath.FeaturePathAnnotatorBase
dkpro-core-io-text-asl,org.dkpro.core.io.text.TokenizedTextWriter
dkpro-core-ixa-asl,org.dkpro.core.ixa.IxaLemmatizer
dkpro-core-textcat-asl,org.dkpro.core.textcat.LanguageIdentifier
dkpro-core-corenlp-gpl,org.dkpro.core.corenlp.CoreNlpPosTagger
dkpro-core-corenlp-gpl,org.dkpro.core.corenlp.CoreNlpCoreferenceResolver
dkpro-core-corenlp-gpl,org.dkpro.core.corenlp.CoreNlpDependencyParser
dkpro-core-corenlp-gpl,org.dkpro.core.corenlp.CoreNlpParser
dkpro-core-corenlp-gpl,org.dkpro.core.corenlp.CoreNlpNamedEntityRecognizer
dkpro-core-corenlp-gpl,org.dkpro.core.corenlp.CoreNlpLemmatizer
dkpro-core-langdetect-asl,org.dkpro.core.langdetect.LangDetectLanguageIdentifier
dkpro-core-stanfordnlp-gpl,org.dkpro.core.stanfordnlp.StanfordSentimentAnalyzer
dkpro-core-stanfordnlp-gpl,org.dkpro.core.stanfordnlp.StanfordDependencyConverter
dkpro-core-stanfordnlp-gpl,org.dkpro.core.stanfordnlp.StanfordNamedEntityRecognizer
dkpro-core-stanfordnlp-gpl,org.dkpro.core.stanfordnlp.StanfordParser
dkpro-core-stanfordnlp-gpl,org.dkpro.core.stanfordnlp.StanfordCoreferenceResolver
dkpro-core-stanfordnlp-gpl,org.dkpro.core.stanfordnlp.StanfordLemmatizer
dkpro-core-stanfordnlp-gpl,org.dkpro.core.stanfordnlp.StanfordPosTagger
dkpro-core-mstparser-asl,org.dkpro.core.mstparser.MstParser
dkpro-core-dictionaryannotator-asl,org.dkpro.core.dictionaryannotator.DictionaryAnnotator
dkpro-core-dictionaryannotator-asl,org.dkpro.core.dictionaryannotator.semantictagging.SemanticFieldAnnotator
dkpro-core-treetagger-asl,org.dkpro.core.treetagger.TreeTaggerChunker
dkpro-core-treetagger-asl,org.dkpro.core.treetagger.TreeTaggerPosTagger
dkpro-core-hunpos-asl,org.dkpro.core.hunpos.HunPosTagger
dkpro-core-frequency-asl,org.dkpro.core.frequency.tfidf.TfIdfAnnotator
dkpro-core-frequency-asl,org.dkpro.core.frequency.tfidf.TfIdfWriter
dkpro-core-frequency-asl,org.dkpro.core.frequency.phrasedetection.PhraseAnnotator
dkpro-core-opennlp-asl,org.dkpro.core.opennlp.OpenNlpParser
dkpro-core-opennlp-asl,org.dkpro.core.opennlp.OpenNlpPosTagger
dkpro-core-opennlp-asl,org.dkpro.core.opennlp.OpenNlpNamedEntityRecognizer
dkpro-core-opennlp-asl,org.dkpro.core.opennlp.OpenNlpChunker
dkpro-core-opennlp-asl,org.dkpro.core.opennlp.OpenNlpLemmatizer
dkpro-core-decompounding-asl,org.dkpro.core.decompounding.uima.annotator.CompoundAnnotator
dkpro-core-clearnlp-asl,org.dkpro.core.clearnlp.ClearNlpLemmatizer
dkpro-core-clearnlp-asl,org.dkpro.core.clearnlp.ClearNlpPosTagger
dkpro-core-clearnlp-asl,org.dkpro.core.clearnlp.ClearNlpSemanticRoleLabeler
dkpro-core-clearnlp-asl,org.dkpro.core.clearnlp.ClearNlpParser
dkpro-core-posfilter-asl,org.dkpro.core.posfilter.PosFilter
dkpro-core-posfilter-asl,org.dkpro.core.posfilter.PosMapper
dkpro-core-mallet-asl,org.dkpro.core.mallet.wordembeddings.MalletEmbeddingsAnnotator
dkpro-core-mallet-asl,org.dkpro.core.mallet.lda.io.MalletLdaTopicsProportionsSortedWriter
dkpro-core-mallet-asl,org.dkpro.core.mallet.lda.MalletLdaTopicModelInferencer
dkpro-core-maui-gpl,org.dkpro.core.maui.MauiKeywordAnnotator
dkpro-core-berkeleyparser-gpl,org.dkpro.core.berkeleyparser.BerkeleyParser
dkpro-core-io-web1t-asl,org.dkpro.core.io.web1t.Web1TWriter
dkpro-core-textnormalizer-asl,org.dkpro.core.textnormalizer.annotations.TrailingCharacterRemover
dkpro-core-textnormalizer-asl,org.dkpro.core.textnormalizer.annotations.AnnotationByTextFilter
dkpro-core-textnormalizer-asl,org.dkpro.core.textnormalizer.annotations.RegexTokenFilter
dkpro-core-textnormalizer-asl,org.dkpro.core.textnormalizer.util.JCasHolder
dkpro-core-textnormalizer-asl,org.dkpro.core.textnormalizer.Normalizer_ImplBase
dkpro-core-readability-asl,org.dkpro.core.readability.ReadabilityAnnotator
dkpro-core-jazzy-asl,org.dkpro.core.jazzy.CorrectionsContextualizer
dkpro-core-jazzy-asl,org.dkpro.core.jazzy.JazzyChecker
dkpro-core-rftagger-asl,org.dkpro.core.rftagger.RfTagger
dkpro-core-tokit-asl,org.dkpro.core.tokit.StopWordRemover
dkpro-core-tokit-asl,org.dkpro.core.tokit.AnnotationByLengthFilter
dkpro-core-tokit-asl,org.dkpro.core.tokit.CamelCaseTokenSegmenter
dkpro-core-tokit-asl,org.dkpro.core.tokit.TokenMerger
dkpro-core-tokit-asl,org.dkpro.core.tokit.ParagraphSplitter
dkpro-core-tokit-asl,org.dkpro.core.tokit.TokenTrimmer
dkpro-core-tokit-asl,org.dkpro.core.tokit.GermanSeparatedParticleAnnotator
dkpro-core-tokit-asl,org.dkpro.core.tokit.PatternBasedTokenSegmenter
